{"cameraMode":{"drawMode":0,"name":"Shaded","section":"Shading Mode"},"sceneLighting":true,"audioPlay":false,"sceneViewState":{"showFog":true,"showMaterialUpdate":false,"showSkybox":true,"showFlares":true,"showImageEffects":true,"showParticleSystems":true,"showVisualEffectGraphs":true,"m_FxEnabled":true},"in2DMode":false,"pivot":{"x":94.74666595458985,"y":-205.80564880371095,"z":206.58755493164063},"rotation":{"x":0.3737173080444336,"y":0.07441365718841553,"z":-0.030132325366139413,"w":0.9240941405296326},"size":177.88534545898438,"orthographic":false}