{"cameraMode":{"drawMode":0,"name":"Shaded","section":"Shading Mode"},"sceneLighting":false,"audioPlay":false,"sceneViewState":{"showFog":true,"showMaterialUpdate":false,"showSkybox":false,"showFlares":true,"showImageEffects":true,"showParticleSystems":true},"in2DMode":false,"pivot":{"x":15.246500015258789,"y":2.491999864578247,"z":0.18050026893615724},"rotation":{"x":-0.2222900539636612,"y":-0.6629056334495544,"z":0.2162359356880188,"w":-0.6814730763435364},"size":22.155424118041993,"orthographic":false}