{"cameraMode":{"drawMode":0,"name":"Shaded","section":"Shading Mode"},"sceneLighting":true,"audioPlay":false,"sceneViewState":{"showFog":true,"showMaterialUpdate":false,"showSkybox":false,"showFlares":true,"showImageEffects":true,"showParticleSystems":true},"in2DMode":false,"pivot":{"x":54.33000183105469,"y":7.7829999923706059,"z":5.140000343322754},"rotation":{"x":-0.12403333187103272,"y":0.8686638474464417,"z":-0.27328944206237795,"w":-0.3942027688026428},"size":89.00052642822266,"orthographic":false}