{"cameraMode":{"drawMode":0,"name":"Shaded","section":"Shading Mode"},"sceneLighting":true,"audioPlay":false,"sceneViewState":{"showFog":true,"showMaterialUpdate":false,"showSkybox":true,"showFlares":true,"showImageEffects":true,"showParticleSystems":true},"in2DMode":false,"pivot":{"x":0.002352774143218994,"y":0.840538740158081,"z":-0.14118081331253053},"rotation":{"x":-0.12067697942256928,"y":0.757442831993103,"z":-0.14630942046642304,"w":-0.6247639656066895},"size":4.408431053161621,"orthographic":false}