{"cameraMode":{"drawMode":0,"name":"Shaded","section":"Shading Mode"},"sceneLighting":false,"audioPlay":false,"sceneViewState":{"showFog":true,"showMaterialUpdate":false,"showSkybox":false,"showFlares":true,"showImageEffects":true,"showParticleSystems":true},"in2DMode":false,"pivot":{"x":5.339944362640381,"y":2.438143014907837,"z":2.113154411315918},"rotation":{"x":-0.09798220545053482,"y":-0.7887965440750122,"z":0.13036827743053437,"w":-0.5926909446716309},"size":11.970989227294922,"orthographic":false}