{"cameraMode":{"drawMode":0,"name":"Shaded","section":"Shading Mode"},"sceneLighting":false,"audioPlay":false,"sceneViewState":{"showFog":true,"showMaterialUpdate":false,"showSkybox":false,"showFlares":true,"showImageEffects":true,"showParticleSystems":true},"in2DMode":false,"pivot":{"x":5.733830451965332,"y":-0.6883244514465332,"z":-0.5024392604827881},"rotation":{"x":0.11590532213449478,"y":-0.7804660797119141,"z":0.1519758105278015,"w":0.5953015685081482},"size":22.155424118041993,"orthographic":false}