{"cameraMode":{"drawMode":0,"name":"Shaded","section":"Shading Mode"},"sceneLighting":true,"audioPlay":false,"sceneViewState":{"showFog":true,"showMaterialUpdate":false,"showSkybox":false,"showFlares":true,"showImageEffects":true,"showParticleSystems":true},"in2DMode":false,"pivot":{"x":54.33000183105469,"y":7.7829999923706059,"z":5.140000343322754},"rotation":{"x":0.04088517650961876,"y":-0.803278923034668,"z":0.05551464110612869,"w":0.5916048288345337},"size":7.681996822357178,"orthographic":false}